{
 "Franklin": {
  "City": "Franklin",
  "State": "ID",
  "High": 39,
  "Low": 21,
  "Precip": 0,
  "Wind": "5",
  "Direction": "SW",
  "Summary": "Rain",
  "Longitude": 111.79,
  "Latitude": 42.07,
  "Elevation": 4968,
  "zip": 83237,
  "Hourly": {
   "0": 21,
   "1": 21,
   "2": 20,
   "3": 20,
   "4": 20,
   "5": 20,
   "6": 20,
   "7": 21,
   "8": 25,
   "9": 28,
   "10": 30,
   "11": 34,
   "12": 35,
   "13": 37,
   "14": 38,
   "15": 39,
   "16": 39,
   "17": 38,
   "18": 36,
   "19": 34,
   "20": 33,
   "21": 33,
   "22": 31,
   "23": 31
  }
 },
 "Greenville": {
  "City": "Greenville",
  "State": "SC",
  "High": 53,
  "Low": 36,
  "Precip": 45,
  "Wind": "8",
  "Direction": "SW",
  "Summary": "Thunderstorms",
  "Longitude": -82.4,
  "Latitude": 34.85,
  "Elevation": 966,
  "zip": 29601,
  "Hourly": {
   "0": 39,
   "1": 38,
   "2": 38,
   "3": 37,
   "4": 37,
   "5": 36,
   "6": 36,
   "7": 36,
   "8": 37,
   "9": 40,
   "10": 44,
   "11": 48,
   "12": 50,
   "13": 51,
   "14": 52,
   "15": 52,
   "16": 53,
   "17": 53,
   "18": 53,
   "19": 51,
   "20": 51,
   "21": 50,
   "22": 49,
   "23": 49
  }
 },
 "Springfield": {
  "City": "Springfield",
  "State": "IL",
  "High": 35,
  "Low": 10,
  "Precip": 10,
  "Wind": "15",
  "Direction": "NW",
  "Summary": "Partly Cloudy",
  "Longitude": 89.68,
  "Latitude": 39.81,
  "Elevation": 558,
  "zip": 62701,
  "Hourly": {
   "0": 35,
   "1": 35,
   "2": 34,
   "3": 34,
   "4": 34,
   "5": 34,
   "6": 33,
   "7": 31,
   "8": 29,
   "9": 28,
   "10": 27,
   "11": 27,
   "12": 27,
   "13": 27,
   "14": 27,
   "15": 27,
   "16": 27,
   "17": 24,
   "18": 22,
   "19": 20,
   "20": 18,
   "21": 17,
   "22": 15,
   "23": 15
  }
 }
}
