{
 "Franklin": {
  "City": "Franklin",
  "State": "ID",
  "High": 90,
  "Low": 66,
  "Precip": 0,
  "Wind": "5",
  "Direction": "SW",
  "Summary": "Sunny",
  "Longitude": -111.803757,
  "Latitude": 42.011902,
  "Elevation": 4501,
  "zip": 83237,
  "Hourly": {
   "0": 67,
   "1": 67,
   "2": 69,
   "3": 69,
   "4": 69,
   "5": 70,
   "6": 69,
   "7": 72,
   "8": 74,
   "9": 77,
   "10": 79,
   "11": 81,
   "12": 84,
   "13": 86,
   "14": 88,
   "15": 90,
   "16": 90,
   "17": 85,
   "18": 83,
   "19": 79,
   "20": 74,
   "21": 70,
   "22": 68,
   "23": 66
  }
 },
 "Greenville": {
  "City": "Greenville",
  "State": "SC",
  "High": 84,
  "Low": 55,
  "Precip": 70,
  "Wind": "15 - 20",
  "Direction": "W",
  "Summary": "Thunderstorms",
  "Longitude": -82.362997,
  "Latitude": 34.836902,
  "Elevation": 966,
  "zip": 29601,
  "Hourly": {
   "0": 55,
   "1": 56,
   "2": 56,
   "3": 56,
   "4": 57,
   "5": 57,
   "6": 58,
   "7": 62,
   "8": 63,
   "9": 67,
   "10": 70,
   "11": 73,
   "12": 77,
   "13": 80,
   "14": 84,
   "15": 83,
   "16": 83,
   "17": 80,
   "18": 79,
   "19": 74,
   "20": 70,
   "21": 68,
   "22": 60,
   "23": 58
  }
 },
 "Springfield": {
  "City": "Springfield",
  "State": "IL",
  "High": 77,
  "Low": 48,
  "Precip": 0,
  "Wind": "15",
  "Direction": "NW",
  "Summary": "Partly Cloudy",
  "Longitude": -89.670832,
  "Latitude": 39.763908,
  "Elevation": 558,
  "zip": 62701,
  "Hourly": {
   "0": 48,
   "1": 48,
   "2": 49,
   "3": 49,
   "4": 50,
   "5": 49,
   "6": 48,
   "7": 49,
   "8": 52,
   "9": 54,
   "10": 57,
   "11": 59,
   "12": 62,
   "13": 65,
   "14": 67,
   "15": 70,
   "16": 75,
   "17": 77,
   "18": 76,
   "19": 74,
   "20": 69,
   "21": 62,
   "22": 58,
   "23": 49
  }
 }
}
